nombre,cx,cy,cz,sx,sy,sz
K01-1,820.59,616.68,19.88,21.65,86.61,21.65
J01-1,843.41,616.68,19.88,21.65,86.61,21.65
J01-2,843.41,616.68,45.61,21.65,86.61,21.65
K01-2,820.59,616.68,45.61,21.65,86.61,21.65
J01-4,843.41,616.68,96.73,21.65,86.61,21.65
K01-4,820.59,616.68,96.73,21.65,86.61,21.65
J01-3,843.41,616.68,71.0,21.65,86.61,21.65
K01-3,820.59,616.68,71.0,21.65,86.61,21.65
J02-2,843.41,707.93,45.61,21.65,86.61,21.65
K02-2,820.59,707.93,45.61,21.65,86.61,21.65
J02-4,843.41,707.93,96.73,21.65,86.61,21.65
J02-1,843.41,707.93,19.88,21.65,86.61,21.65
K02-1,820.59,707.93,19.88,21.65,86.61,21.65
K02-4,820.59,707.93,96.73,21.65,86.61,21.65
K02-3,820.59,707.93,71.0,21.65,86.61,21.65
J02-3,843.41,707.93,71.0,21.65,86.61,21.65
J03-2,843.41,802.38,45.61,21.65,86.61,21.65
K03-2,820.59,802.38,45.61,21.65,86.61,21.65
J03-4,843.41,802.38,96.73,21.65,86.61,21.65
J04-2,843.41,893.63,45.61,21.65,86.61,21.65
J03-1,843.41,802.38,19.88,21.65,86.61,21.65
K03-1,820.59,802.38,19.88,21.65,86.61,21.65
K04-2,820.59,893.63,45.61,21.65,86.61,21.65
K03-4,820.59,802.38,96.73,21.65,86.61,21.65
K03-3,820.59,802.38,71.0,21.65,86.61,21.65
K04-4,820.59,893.63,96.73,21.65,86.61,21.65
J04-3,843.41,893.63,71.0,21.65,86.61,21.65
K04-1,820.59,893.63,19.88,21.65,86.61,21.65
K04-3,820.59,893.63,71.0,21.65,86.61,21.65
J04-4,843.41,893.63,96.73,21.65,86.61,21.65
J04-1,843.41,893.63,19.88,21.65,86.61,21.65
J03-3,843.41,802.38,71.0,21.65,86.61,21.65
J05-2,843.41,985.93,45.61,21.65,86.61,21.65
K05-2,820.59,985.93,45.61,21.65,86.61,21.65
J05-4,843.41,985.93,96.73,21.65,86.61,21.65
J06-2,843.41,1077.17,45.61,21.65,86.61,21.65
J05-1,843.41,985.93,19.88,21.65,86.61,21.65
K05-1,820.59,985.93,19.88,21.65,86.61,21.65
K06-2,820.59,1077.17,45.61,21.65,86.61,21.65
K05-4,820.59,985.93,96.73,21.65,86.61,21.65
K05-3,820.59,985.93,71.0,21.65,86.61,21.65
K06-4,820.59,1077.17,96.73,21.65,86.61,21.65
J06-3,843.41,1077.17,71.0,21.65,86.61,21.65
K06-1,820.59,1077.17,19.88,21.65,86.61,21.65
K06-3,820.59,1077.17,71.0,21.65,86.61,21.65
J06-4,843.41,1077.17,96.73,21.65,86.61,21.65
J06-1,843.41,1077.17,19.88,21.65,86.61,21.65
J05-3,843.41,985.93,71.0,21.65,86.61,21.65
J07-2,843.41,1171.09,45.61,21.65,86.61,21.65
K07-2,820.59,1171.09,45.61,21.65,86.61,21.65
J07-4,843.41,1171.09,96.73,21.65,86.61,21.65
J07-1,843.41,1171.09,19.88,21.65,86.61,21.65
K07-1,820.59,1171.09,19.88,21.65,86.61,21.65
K07-4,820.59,1171.09,96.73,21.65,86.61,21.65
K07-3,820.59,1171.09,71.0,21.65,86.61,21.65
J07-3,843.41,1171.09,71.0,21.65,86.61,21.65
J05-5,843.41,985.93,122.0,21.65,86.61,21.65
J04-5,843.41,893.63,122.0,21.65,86.61,21.65
J01-5,843.41,616.68,122.0,21.65,86.61,21.65
K07-5,820.59,1171.09,122.0,21.65,86.61,21.65
J07-5,843.41,1171.09,122.0,21.65,86.61,21.65
J06-5,843.41,1077.17,122.0,21.65,86.61,21.65
K01-5,820.59,616.68,122.0,21.65,86.61,21.65
K02-5,820.59,707.93,122.0,21.65,86.61,21.65
J02-5,843.41,707.93,122.0,21.65,86.61,21.65
K06-5,820.59,1077.17,122.0,21.65,86.61,21.65
K04-5,820.59,893.63,122.0,21.65,86.61,21.65
K03-5,820.59,802.38,122.0,21.65,86.61,21.65
J03-5,843.41,802.38,122.0,21.65,86.61,21.65
K05-5,820.59,985.93,122.0,21.65,86.61,21.65
H05-4,937.93,985.93,96.73,21.65,86.61,21.65
H06-2,937.93,1077.17,45.61,21.65,86.61,21.65
H04-1,937.93,893.63,19.88,21.65,86.61,21.65
H03-3,937.93,802.38,71.0,21.65,86.61,21.65
H05-2,937.93,985.93,45.61,21.65,86.61,21.65
H04-4,937.93,893.63,96.73,21.65,86.61,21.65
I04-3,915.1,893.63,71.0,21.65,86.61,21.65
I04-1,915.1,893.63,19.88,21.65,86.61,21.65
I05-2,915.1,985.93,45.61,21.65,86.61,21.65
H01-2,937.93,616.68,45.61,21.65,86.61,21.65
I01-2,915.1,616.68,45.61,21.65,86.61,21.65
H01-4,937.93,616.68,96.73,21.65,86.61,21.65
H02-2,937.93,707.93,45.61,21.65,86.61,21.65
H01-1,937.93,616.68,19.88,21.65,86.61,21.65
I01-1,915.1,616.68,19.88,21.65,86.61,21.65
I07-1,915.1,1171.09,19.88,21.65,86.61,21.65
I07-2,915.1,1171.09,45.61,21.65,86.61,21.65
I07-4,915.1,1171.09,96.73,21.65,86.61,21.65
H07-2,937.93,1171.09,45.61,21.65,86.61,21.65
H07-4,937.93,1171.09,96.73,21.65,86.61,21.65
H07-1,937.93,1171.09,19.88,21.65,86.61,21.65
I07-3,915.1,1171.09,71.0,21.65,86.61,21.65
H02-5,937.93,707.93,122.0,21.65,86.61,21.65
I01-5,915.1,616.68,122.0,21.65,86.61,21.65
H04-5,937.93,893.63,122.0,21.65,86.61,21.65
I06-5,915.1,1077.17,122.0,21.65,86.61,21.65
I03-5,915.1,802.38,122.0,21.65,86.61,21.65
H01-5,937.93,616.68,122.0,21.65,86.61,21.65
I04-5,915.1,893.63,122.0,21.65,86.61,21.65
H03-5,937.93,802.38,122.0,21.65,86.61,21.65
I05-5,915.1,985.93,122.0,21.65,86.61,21.65
H07-5,937.93,1171.09,122.0,21.65,86.61,21.65
H05-5,937.93,985.93,122.0,21.65,86.61,21.65
I02-5,915.1,707.93,122.0,21.65,86.61,21.65
I07-5,915.1,1171.09,122.0,21.65,86.61,21.65
H06-5,937.93,1077.17,122.0,21.65,86.61,21.65
I06-3,915.1,1077.17,71.0,21.65,86.61,21.65
I06-1,915.1,1077.17,19.88,21.65,86.61,21.65
H06-4,937.93,1077.17,96.73,21.65,86.61,21.65
H05-3,937.93,985.93,71.0,21.65,86.61,21.65
H06-1,937.93,1077.17,19.88,21.65,86.61,21.65
I02-2,915.1,707.93,45.61,21.65,86.61,21.65
I01-4,915.1,616.68,96.73,21.65,86.61,21.65
I01-3,915.1,616.68,71.0,21.65,86.61,21.65
I02-4,915.1,707.93,96.73,21.65,86.61,21.65
H02-3,937.93,707.93,71.0,21.65,86.61,21.65
I02-1,915.1,707.93,19.88,21.65,86.61,21.65
I02-3,915.1,707.93,71.0,21.65,86.61,21.65
H02-4,937.93,707.93,96.73,21.65,86.61,21.65
H02-1,937.93,707.93,19.88,21.65,86.61,21.65
H01-3,937.93,616.68,71.0,21.65,86.61,21.65
H06-3,937.93,1077.17,71.0,21.65,86.61,21.65
I06-4,915.1,1077.17,96.73,21.65,86.61,21.65
H07-3,937.93,1171.09,71.0,21.65,86.61,21.65
I04-2,915.1,893.63,45.61,21.65,86.61,21.65
I04-4,915.1,893.63,96.73,21.65,86.61,21.65
I05-3,915.1,985.93,71.0,21.65,86.61,21.65
H04-3,937.93,893.63,71.0,21.65,86.61,21.65
I03-4,915.1,802.38,96.73,21.65,86.61,21.65
H03-4,937.93,802.38,96.73,21.65,86.61,21.65
H03-2,937.93,802.38,45.61,21.65,86.61,21.65
I03-3,915.1,802.38,71.0,21.65,86.61,21.65
I03-1,915.1,802.38,19.88,21.65,86.61,21.65
H05-1,937.93,985.93,19.88,21.65,86.61,21.65
I03-2,915.1,802.38,45.61,21.65,86.61,21.65
H03-1,937.93,802.38,19.88,21.65,86.61,21.65
H04-2,937.93,893.63,45.61,21.65,86.61,21.65
I05-1,915.1,985.93,19.88,21.65,86.61,21.65
I06-2,915.1,1077.17,45.61,21.65,86.61,21.65
I05-4,915.1,985.93,96.73,21.65,86.61,21.65
A05-2,1521.31,261.51,44.88,35.43,16.54,21.26
A04-2,1521.31,244.18,44.88,35.43,16.54,21.26
A03-2,1521.31,226.86,44.88,35.43,16.54,21.26
A02-2,1521.31,209.54,44.88,35.43,16.54,21.26
A01-2,1521.31,192.21,44.88,35.43,16.54,21.26
A01-1,1520.79,192.85,10.63,35.43,16.54,21.26
A05-1,1520.79,262.14,10.63,35.43,16.54,21.26
A04-1,1520.79,244.82,10.63,35.43,16.54,21.26
A02-1,1520.79,210.17,10.63,35.43,16.54,21.26
A03-1,1520.79,227.5,10.63,35.43,16.54,21.26
A06-1,1520.79,287.5,10.63,35.43,16.54,21.26
A10-1,1520.79,356.79,10.63,35.43,16.54,21.26
A09-1,1520.79,339.47,10.63,35.43,16.54,21.26
A07-1,1520.79,304.82,10.63,35.43,16.54,21.26
A08-1,1520.79,322.14,10.63,35.43,16.54,21.26
A06-2,1520.79,287.5,44.83,35.43,16.54,21.26
A10-2,1520.79,356.79,44.83,35.43,16.54,21.26
A09-2,1520.79,339.47,44.83,35.43,16.54,21.26
A07-2,1520.79,304.82,44.83,35.43,16.54,21.26
A08-2,1520.79,322.14,44.83,35.43,16.54,21.26
A11-2,1521.31,381.69,44.88,35.43,16.54,21.26
A15-2,1521.31,450.98,44.88,35.43,16.54,21.26
A14-2,1521.31,433.65,44.88,35.43,16.54,21.26
A11-1,1520.79,382.32,10.63,35.43,16.54,21.26
A18-2,1520.79,511.62,44.83,35.43,16.54,21.26
A19-2,1520.79,528.94,44.83,35.43,16.54,21.26
A20-2,1520.79,546.26,44.83,35.43,16.54,21.26
A17-2,1520.79,494.29,44.83,35.43,16.54,21.26
A16-2,1520.79,476.97,44.83,35.43,16.54,21.26
A16-1,1520.79,476.97,10.63,35.43,16.54,21.26
A12-2,1521.31,399.01,44.88,35.43,16.54,21.26
A13-2,1521.31,416.33,44.88,35.43,16.54,21.26
A13-1,1520.79,416.97,10.63,35.43,16.54,21.26
A15-1,1520.79,451.61,10.63,35.43,16.54,21.26
A14-1,1520.79,434.29,10.63,35.43,16.54,21.26
A12-1,1520.79,399.64,10.63,35.43,16.54,21.26
A17-1,1520.79,494.29,10.63,35.43,16.54,21.26
A20-1,1520.79,546.26,10.63,35.43,16.54,21.26
A19-1,1520.79,528.94,10.63,35.43,16.54,21.26
A18-1,1520.79,511.62,10.63,35.43,16.54,21.26
A21-2,1519.34,571.43,44.88,35.43,16.54,21.26
A25-2,1519.34,640.72,44.88,35.43,16.54,21.26
A24-2,1519.34,623.4,44.88,35.43,16.54,21.26
A21-1,1518.82,572.06,10.63,35.43,16.54,21.26
A28-2,1518.82,701.36,44.83,35.43,16.54,21.26
A29-2,1518.82,718.68,44.83,35.43,16.54,21.26
A30-2,1518.82,736.0,44.83,35.43,16.54,21.26
A34-2,1519.34,812.87,44.88,35.43,16.54,21.26
A31-1,1518.82,761.54,10.63,35.43,16.54,21.26
A40-2,1518.82,925.47,44.83,35.43,16.54,21.26
A39-2,1518.82,908.15,44.83,35.43,16.54,21.26
A27-2,1518.82,684.04,44.83,35.43,16.54,21.26
A37-2,1518.82,873.51,44.83,35.43,16.54,21.26
A38-2,1518.82,890.83,44.83,35.43,16.54,21.26
A26-2,1518.82,666.71,44.83,35.43,16.54,21.26
A26-1,1518.82,666.71,10.63,35.43,16.54,21.26
A22-2,1519.34,588.75,44.88,35.43,16.54,21.26
A23-2,1519.34,606.07,44.88,35.43,16.54,21.26
A31-2,1519.34,760.9,44.88,35.43,16.54,21.26
A35-2,1519.34,830.19,44.88,35.43,16.54,21.26
A23-1,1518.82,606.71,10.63,35.43,16.54,21.26
A25-1,1518.82,641.36,10.63,35.43,16.54,21.26
A24-1,1518.82,624.03,10.63,35.43,16.54,21.26
A22-1,1518.82,589.39,10.63,35.43,16.54,21.26
A32-1,1518.82,778.86,10.63,35.43,16.54,21.26
A37-1,1518.82,873.51,10.63,35.43,16.54,21.26
A39-1,1518.82,908.15,10.63,35.43,16.54,21.26
A38-1,1518.82,890.83,10.63,35.43,16.54,21.26
A40-1,1518.82,925.47,10.63,35.43,16.54,21.26
A33-2,1519.34,795.55,44.88,35.43,16.54,21.26
A33-1,1518.82,796.18,10.63,35.43,16.54,21.26
A32-2,1519.34,778.22,44.88,35.43,16.54,21.26
A35-1,1518.82,830.83,10.63,35.43,16.54,21.26
A36-2,1518.82,856.18,44.83,35.43,16.54,21.26
A36-1,1518.82,856.18,10.63,35.43,16.54,21.26
A34-1,1518.82,813.5,10.63,35.43,16.54,21.26
A27-1,1518.82,684.04,10.63,35.43,16.54,21.26
A30-1,1518.82,736.0,10.63,35.43,16.54,21.26
A29-1,1518.82,718.68,10.63,35.43,16.54,21.26
A28-1,1518.82,701.36,10.63,35.43,16.54,21.26
A41-2,1519.34,949.39,44.88,35.43,16.54,21.26
A45-2,1519.34,1018.68,44.88,35.43,16.54,21.26
A44-2,1519.34,1001.35,44.88,35.43,16.54,21.26
A41-1,1518.82,950.02,10.63,35.43,16.54,21.26
A48-2,1518.82,1079.32,44.83,35.43,16.54,21.26
A49-2,1518.82,1096.64,44.83,35.43,16.54,21.26
A50-2,1518.82,1113.96,44.83,35.43,16.54,21.26
A54-2,1519.34,1190.82,44.88,35.43,16.54,21.26
A51-1,1518.82,1139.49,10.63,35.43,16.54,21.26
A47-2,1518.82,1061.99,44.83,35.43,16.54,21.26
A46-2,1518.82,1044.67,44.83,35.43,16.54,21.26
A46-1,1518.82,1044.67,10.63,35.43,16.54,21.26
A42-2,1519.34,966.71,44.88,35.43,16.54,21.26
A43-2,1519.34,984.03,44.88,35.43,16.54,21.26
A51-2,1519.34,1138.86,44.88,35.43,16.54,21.26
A55-2,1519.34,1208.15,44.88,35.43,16.54,21.26
A43-1,1518.82,984.67,10.63,35.43,16.54,21.26
A45-1,1518.82,1019.31,10.63,35.43,16.54,21.26
A44-1,1518.82,1001.99,10.63,35.43,16.54,21.26
A42-1,1518.82,967.34,10.63,35.43,16.54,21.26
A52-1,1518.82,1156.81,10.63,35.43,16.54,21.26
A53-2,1519.34,1173.5,44.88,35.43,16.54,21.26
A53-1,1518.82,1174.14,10.63,35.43,16.54,21.26
A52-2,1519.34,1156.18,44.88,35.43,16.54,21.26
A55-1,1518.82,1208.78,10.63,35.43,16.54,21.26
A54-1,1518.82,1191.46,10.63,35.43,16.54,21.26
A47-1,1518.82,1061.99,10.63,35.43,16.54,21.26
A50-1,1518.82,1113.96,10.63,35.43,16.54,21.26
A49-1,1518.82,1096.64,10.63,35.43,16.54,21.26
A48-1,1518.82,1079.32,10.63,35.43,16.54,21.26
B11-2,1374.74,569.19,44.88,35.43,16.54,21.26
B15-2,1374.74,638.48,44.88,35.43,16.54,21.26
B14-2,1374.74,621.16,44.88,35.43,16.54,21.26
B11-1,1374.22,569.83,10.63,35.43,16.54,21.26
B18-2,1374.22,699.12,44.83,35.43,16.54,21.26
B19-2,1374.22,716.44,44.83,35.43,16.54,21.26
B20-2,1374.22,733.77,44.83,35.43,16.54,21.26
B24-2,1374.74,810.63,44.88,35.43,16.54,21.26
B21-1,1374.22,759.3,10.63,35.43,16.54,21.26
B30-2,1374.22,923.24,44.83,35.43,16.54,21.26
B29-2,1374.22,905.92,44.83,35.43,16.54,21.26
B17-2,1374.22,681.8,44.83,35.43,16.54,21.26
B27-2,1374.22,871.27,44.83,35.43,16.54,21.26
B28-2,1374.22,888.59,44.83,35.43,16.54,21.26
B16-2,1374.22,664.48,44.83,35.43,16.54,21.26
B16-1,1374.22,664.48,10.63,35.43,16.54,21.26
B12-2,1374.74,586.51,44.88,35.43,16.54,21.26
B13-2,1374.74,603.84,44.88,35.43,16.54,21.26
B21-2,1374.74,758.66,44.88,35.43,16.54,21.26
B25-2,1374.74,827.95,44.88,35.43,16.54,21.26
B13-1,1374.22,604.47,10.63,35.43,16.54,21.26
B15-1,1374.22,639.12,10.63,35.43,16.54,21.26
B14-1,1374.22,621.8,10.63,35.43,16.54,21.26
B12-1,1374.22,587.15,10.63,35.43,16.54,21.26
B22-1,1374.22,776.62,10.63,35.43,16.54,21.26
B27-1,1374.22,871.27,10.63,35.43,16.54,21.26
B29-1,1374.22,905.92,10.63,35.43,16.54,21.26
B28-1,1374.22,888.59,10.63,35.43,16.54,21.26
B30-1,1374.22,923.24,10.63,35.43,16.54,21.26
B23-2,1374.74,793.31,44.88,35.43,16.54,21.26
B23-1,1374.22,793.94,10.63,35.43,16.54,21.26
B22-2,1374.74,775.99,44.88,35.43,16.54,21.26
B25-1,1374.22,828.59,10.63,35.43,16.54,21.26
B26-2,1374.22,853.95,44.83,35.43,16.54,21.26
B26-1,1374.22,853.95,10.63,35.43,16.54,21.26
B24-1,1374.22,811.27,10.63,35.43,16.54,21.26
B17-1,1374.22,681.8,10.63,35.43,16.54,21.26
B20-1,1374.22,733.77,10.63,35.43,16.54,21.26
B19-1,1374.22,716.44,10.63,35.43,16.54,21.26
B18-1,1374.22,699.12,10.63,35.43,16.54,21.26
B31-2,1375.64,946.63,44.88,35.43,16.54,21.26
B35-2,1375.64,1015.92,44.88,35.43,16.54,21.26
B34-2,1375.64,998.6,44.88,35.43,16.54,21.26
B31-1,1375.12,947.27,10.63,35.43,16.54,21.26
B38-2,1375.12,1076.56,44.83,35.43,16.54,21.26
B39-2,1375.12,1093.89,44.83,35.43,16.54,21.26
B40-2,1375.12,1111.21,44.83,35.43,16.54,21.26
B44-2,1375.64,1188.07,44.88,35.43,16.54,21.26
B41-1,1375.12,1136.74,10.63,35.43,16.54,21.26
B37-2,1375.12,1059.24,44.83,35.43,16.54,21.26
B36-2,1375.12,1041.92,44.83,35.43,16.54,21.26
B36-1,1375.12,1041.92,10.63,35.43,16.54,21.26
B32-2,1375.64,963.96,44.88,35.43,16.54,21.26
B33-2,1375.64,981.28,44.88,35.43,16.54,21.26
B41-2,1375.64,1136.1,44.88,35.43,16.54,21.26
B45-2,1375.64,1205.39,44.88,35.43,16.54,21.26
B33-1,1375.12,981.91,10.63,35.43,16.54,21.26
B35-1,1375.12,1016.56,10.63,35.43,16.54,21.26
B34-1,1375.12,999.24,10.63,35.43,16.54,21.26
B32-1,1375.12,964.59,10.63,35.43,16.54,21.26
B42-1,1375.12,1154.06,10.63,35.43,16.54,21.26
B43-2,1375.64,1170.75,44.88,35.43,16.54,21.26
B43-1,1375.12,1171.38,10.63,35.43,16.54,21.26
B42-2,1375.64,1153.43,44.88,35.43,16.54,21.26
B45-1,1375.12,1206.03,10.63,35.43,16.54,21.26
B44-1,1375.12,1188.71,10.63,35.43,16.54,21.26
B37-1,1375.12,1059.24,10.63,35.43,16.54,21.26
B40-1,1375.12,1111.21,10.63,35.43,16.54,21.26
B39-1,1375.12,1093.89,10.63,35.43,16.54,21.26
B38-1,1375.12,1076.56,10.63,35.43,16.54,21.26
B01-2,1375.64,187.07,44.88,35.43,16.54,21.26
B05-2,1375.64,256.36,44.88,35.43,16.54,21.26
B04-2,1375.64,239.03,44.88,35.43,16.54,21.26
B01-1,1375.12,187.7,10.63,35.43,16.54,21.26
B02-2,1375.64,204.39,44.88,35.43,16.54,21.26
B03-2,1375.64,221.71,44.88,35.43,16.54,21.26
B03-1,1375.12,222.35,10.63,35.43,16.54,21.26
B05-1,1375.12,256.99,10.63,35.43,16.54,21.26
B04-1,1375.12,239.67,10.63,35.43,16.54,21.26
B02-1,1375.12,205.02,10.63,35.43,16.54,21.26
B06-2,1375.64,323.26,44.88,35.43,16.54,21.26
B10-2,1375.64,392.55,44.88,35.43,16.54,21.26
B09-2,1375.64,375.22,44.88,35.43,16.54,21.26
B06-1,1375.12,323.89,10.63,35.43,16.54,21.26
B07-2,1375.64,340.58,44.88,35.43,16.54,21.26
B08-2,1375.64,357.9,44.88,35.43,16.54,21.26
B08-1,1375.12,358.54,10.63,35.43,16.54,21.26
B10-1,1375.12,393.18,10.63,35.43,16.54,21.26
B09-1,1375.12,375.86,10.63,35.43,16.54,21.26
B07-1,1375.12,341.21,10.63,35.43,16.54,21.26
A01-3,1520.79,206.1,88.58,47.24,39.37,55.12
A02-3,1520.79,249.62,88.58,47.24,39.37,55.12
A03-3,1520.79,301.09,88.58,47.24,39.37,55.12
A04-3,1520.79,344.62,88.58,47.24,39.37,55.12
A01-4,1520.79,206.1,150.33,47.24,39.37,55.12
A03-4,1520.79,301.09,150.33,47.24,39.37,55.12
A04-4,1520.79,344.62,150.33,47.24,39.37,55.12
A02-4,1520.79,249.62,150.33,47.24,39.37,55.12
A04-5,1520.79,344.62,211.22,47.24,39.37,55.12
A02-5,1520.79,249.62,211.22,47.24,39.37,55.12
A01-5,1520.79,206.1,211.22,47.24,39.37,55.12
A03-5,1520.79,301.09,211.22,47.24,39.37,55.12
A05-3,1520.79,394.28,88.58,47.24,39.37,55.12
A07-3,1520.79,489.28,88.58,47.24,39.37,55.12
A08-3,1520.79,532.8,88.58,47.24,39.37,55.12
A06-3,1520.79,437.81,88.58,47.24,39.37,55.12
A08-4,1520.79,532.8,150.33,47.24,39.37,55.12
A06-4,1520.79,437.81,150.33,47.24,39.37,55.12
A08-5,1520.79,532.8,211.22,47.24,39.37,55.12
A06-5,1520.79,437.81,211.22,47.24,39.37,55.12
A05-4,1520.79,394.28,150.33,47.24,39.37,55.12
A07-4,1520.79,489.28,150.33,47.24,39.37,55.12
A05-5,1520.79,394.28,211.22,47.24,39.37,55.12
A07-5,1520.79,489.28,211.22,47.24,39.37,55.12
A09-3,1520.79,583.41,88.58,47.24,39.37,55.12
A13-3,1520.79,771.59,88.58,47.24,39.37,55.12
A15-3,1520.79,866.58,88.58,47.24,39.37,55.12
A11-3,1520.79,678.4,88.58,47.24,39.37,55.12
A10-3,1520.79,626.93,88.58,47.24,39.37,55.12
A16-3,1520.79,910.11,88.58,47.24,39.37,55.12
A12-4,1520.79,721.92,150.33,47.24,39.37,55.12
A10-4,1520.79,626.93,150.33,47.24,39.37,55.12
A12-5,1520.79,721.92,211.22,47.24,39.37,55.12
A10-5,1520.79,626.93,211.22,47.24,39.37,55.12
A09-4,1520.79,583.41,150.33,47.24,39.37,55.12
A11-4,1520.79,678.4,150.33,47.24,39.37,55.12
A09-5,1520.79,583.41,211.22,47.24,39.37,55.12
A11-5,1520.79,678.4,211.22,47.24,39.37,55.12
A14-3,1520.79,815.11,88.58,47.24,39.37,55.12
A15-5,1520.79,866.58,211.22,47.24,39.37,55.12
A16-5,1520.79,910.11,211.22,47.24,39.37,55.12
A14-5,1520.79,815.11,211.22,47.24,39.37,55.12
A13-4,1520.79,771.59,150.33,47.24,39.37,55.12
A13-5,1520.79,771.59,211.22,47.24,39.37,55.12
A14-4,1520.79,815.11,150.33,47.24,39.37,55.12
A15-4,1520.79,866.58,150.33,47.24,39.37,55.12
A16-4,1520.79,910.11,150.33,47.24,39.37,55.12
A12-3,1520.79,722.38,88.58,47.24,39.37,55.12
A22-4,1520.79,1195.03,150.33,47.24,39.37,55.12
A20-5,1520.79,1100.04,211.22,47.24,39.37,55.12
A19-5,1520.79,1056.51,211.22,47.24,39.37,55.12
A17-4,1520.79,963.32,150.33,47.24,39.37,55.12
A17-5,1520.79,963.32,211.22,47.24,39.37,55.12
A18-5,1520.79,1006.85,211.22,47.24,39.37,55.12
A21-5,1520.79,1151.51,211.22,47.24,39.37,55.12
A22-5,1520.79,1195.03,211.22,47.24,39.37,55.12
A20-3,1520.79,1100.04,88.58,47.24,39.37,55.12
A19-4,1520.79,1056.51,150.33,47.24,39.37,55.12
A20-4,1520.79,1100.04,150.33,47.24,39.37,55.12
A21-4,1520.79,1151.51,150.33,47.24,39.37,55.12
A18-3,1520.79,1007.3,88.58,47.24,39.37,55.12
A21-3,1520.79,1151.51,88.58,47.24,39.37,55.12
A17-3,1520.79,963.32,88.58,47.24,39.37,55.12
A19-3,1520.79,1056.51,88.58,47.24,39.37,55.12
A22-3,1520.79,1195.03,88.58,47.24,39.37,55.12
A18-4,1520.79,1006.85,150.33,47.24,39.37,55.12
B01-3,1375.12,201.42,88.58,47.24,39.37,55.12
B02-3,1375.12,244.95,88.58,47.24,39.37,55.12
B02-4,1375.12,244.95,150.33,47.24,39.37,55.12
B02-5,1375.12,244.95,211.22,47.24,39.37,55.12
B01-4,1375.12,201.42,150.33,47.24,39.37,55.12
B01-5,1375.12,201.42,211.22,47.24,39.37,55.12
B03-3,1375.12,337.88,88.58,47.24,39.37,55.12
B04-3,1375.12,381.41,88.58,47.24,39.37,55.12
B04-4,1375.12,381.41,150.33,47.24,39.37,55.12
B04-5,1375.12,381.41,211.22,47.24,39.37,55.12
B03-4,1375.12,337.88,150.33,47.24,39.37,55.12
B03-5,1375.12,337.88,211.22,47.24,39.37,55.12
B05-3,1375.12,582.05,88.58,47.24,39.37,55.12
B15-3,1375.12,1055.15,88.58,47.24,39.37,55.12
B13-4,1375.12,961.96,150.33,47.24,39.37,55.12
B16-4,1375.12,1098.68,150.33,47.24,39.37,55.12
B13-3,1375.12,961.96,88.58,47.24,39.37,55.12
B15-5,1375.12,1055.15,211.22,47.24,39.37,55.12
B18-3,1375.12,1193.67,88.58,47.24,39.37,55.12
B18-5,1375.12,1193.67,211.22,47.24,39.37,55.12
B13-5,1375.12,961.96,211.22,47.24,39.37,55.12
B14-3,1375.12,1005.94,88.58,47.24,39.37,55.12
B16-3,1375.12,1098.68,88.58,47.24,39.37,55.12
B14-5,1375.12,1005.49,211.22,47.24,39.37,55.12
B16-5,1375.12,1098.68,211.22,47.24,39.37,55.12
B17-5,1375.12,1150.15,211.22,47.24,39.37,55.12
B15-4,1375.12,1055.15,150.33,47.24,39.37,55.12
B17-4,1375.12,1150.15,150.33,47.24,39.37,55.12
B17-3,1375.12,1150.15,88.58,47.24,39.37,55.12
B12-4,1375.12,908.75,150.33,47.24,39.37,55.12
B05-5,1375.12,582.05,211.22,47.24,39.37,55.12
B10-5,1375.12,813.76,211.22,47.24,39.37,55.12
B09-5,1375.12,770.23,211.22,47.24,39.37,55.12
B06-5,1375.12,625.57,211.22,47.24,39.37,55.12
B07-4,1375.12,677.04,150.33,47.24,39.37,55.12
B07-5,1375.12,677.04,211.22,47.24,39.37,55.12
B08-5,1375.12,720.57,211.22,47.24,39.37,55.12
B05-4,1375.12,582.05,150.33,47.24,39.37,55.12
B11-5,1375.12,865.22,211.22,47.24,39.37,55.12
B12-5,1375.12,908.75,211.22,47.24,39.37,55.12
B10-3,1375.12,813.76,88.58,47.24,39.37,55.12
B09-4,1375.12,770.23,150.33,47.24,39.37,55.12
B10-4,1375.12,813.76,150.33,47.24,39.37,55.12
B11-4,1375.12,865.22,150.33,47.24,39.37,55.12
B08-3,1375.12,721.02,88.58,47.24,39.37,55.12
B18-4,1375.12,1193.67,150.33,47.24,39.37,55.12
B06-4,1375.12,625.57,150.33,47.24,39.37,55.12
B11-3,1375.12,865.22,88.58,47.24,39.37,55.12
B07-3,1375.12,677.04,88.58,47.24,39.37,55.12
B09-3,1375.12,770.23,88.58,47.24,39.37,55.12
B06-3,1375.12,625.57,88.58,47.24,39.37,55.12
B12-3,1375.12,908.75,88.58,47.24,39.37,55.12
B08-4,1375.12,720.57,150.33,47.24,39.37,55.12
B14-4,1375.12,1005.49,150.33,47.24,39.37,55.12
C01-3,1323.94,582.28,88.58,47.24,39.37,55.12
C11-3,1323.94,1055.39,88.58,47.24,39.37,55.12
C09-4,1323.94,962.2,150.33,47.24,39.37,55.12
C12-4,1323.94,1098.91,150.33,47.24,39.37,55.12
C09-3,1323.94,962.2,88.58,47.24,39.37,55.12
C11-5,1323.94,1055.39,211.22,47.24,39.37,55.12
C14-3,1323.94,1193.9,88.58,47.24,39.37,55.12
C14-5,1323.94,1193.9,211.22,47.24,39.37,55.12
C09-5,1323.94,962.2,211.22,47.24,39.37,55.12
C10-3,1323.94,1006.17,88.58,47.24,39.37,55.12
C12-3,1323.94,1098.91,88.58,47.24,39.37,55.12
C10-5,1323.94,1005.72,211.22,47.24,39.37,55.12
C12-5,1323.94,1098.91,211.22,47.24,39.37,55.12
C13-5,1323.94,1150.38,211.22,47.24,39.37,55.12
C11-4,1323.94,1055.39,150.33,47.24,39.37,55.12
C13-4,1323.94,1150.38,150.33,47.24,39.37,55.12
C13-3,1323.94,1150.38,88.58,47.24,39.37,55.12
C08-4,1323.94,908.98,150.33,47.24,39.37,55.12
C01-5,1323.94,582.28,211.22,47.24,39.37,55.12
C06-5,1323.94,813.99,211.22,47.24,39.37,55.12
C05-5,1323.94,770.46,211.22,47.24,39.37,55.12
C02-5,1323.94,625.8,211.22,47.24,39.37,55.12
C03-4,1323.94,677.27,150.33,47.24,39.37,55.12
C03-5,1323.94,677.27,211.22,47.24,39.37,55.12
C04-5,1323.94,720.8,211.22,47.24,39.37,55.12
C01-4,1323.94,582.28,150.33,47.24,39.37,55.12
C07-5,1323.94,865.46,211.22,47.24,39.37,55.12
C08-5,1323.94,908.98,211.22,47.24,39.37,55.12
C06-3,1323.94,813.99,88.58,47.24,39.37,55.12
C05-4,1323.94,770.46,150.33,47.24,39.37,55.12
C06-4,1323.94,813.99,150.33,47.24,39.37,55.12
C07-4,1323.94,865.46,150.33,47.24,39.37,55.12
C04-3,1323.94,721.25,88.58,47.24,39.37,55.12
C14-4,1323.94,1193.9,150.33,47.24,39.37,55.12
C02-4,1323.94,625.8,150.33,47.24,39.37,55.12
C07-3,1323.94,865.46,88.58,47.24,39.37,55.12
C03-3,1323.94,677.27,88.58,47.24,39.37,55.12
C05-3,1323.94,770.46,88.58,47.24,39.37,55.12
C02-3,1323.94,625.8,88.58,47.24,39.37,55.12
C08-3,1323.94,908.98,88.58,47.24,39.37,55.12
C04-4,1323.94,720.8,150.33,47.24,39.37,55.12
C10-4,1323.94,1005.72,150.33,47.24,39.37,55.12
E09-3,1127.09,960.4,88.58,47.24,39.37,55.12
D01-3,1178.27,580.25,88.58,47.24,39.37,55.12
D03-4,1178.27,675.25,150.33,47.24,39.37,55.12
D07-5,1178.27,863.43,211.22,47.24,39.37,55.12
D08-5,1178.27,906.95,211.22,47.24,39.37,55.12
D02-5,1178.27,623.78,211.22,47.24,39.37,55.12
D03-5,1178.27,675.25,211.22,47.24,39.37,55.12
D06-4,1178.27,811.96,150.33,47.24,39.37,55.12
D01-5,1178.27,580.25,211.22,47.24,39.37,55.12
D05-5,1178.27,768.44,211.22,47.24,39.37,55.12
D04-5,1178.27,718.77,211.22,47.24,39.37,55.12
D06-3,1178.27,811.96,88.58,47.24,39.37,55.12
D04-3,1178.27,719.22,88.58,47.24,39.37,55.12
D05-4,1178.27,768.44,150.33,47.24,39.37,55.12
D06-5,1178.27,811.96,211.22,47.24,39.37,55.12
D01-4,1178.27,580.25,150.33,47.24,39.37,55.12
D07-4,1178.27,863.43,150.33,47.24,39.37,55.12
D08-4,1178.27,906.95,150.33,47.24,39.37,55.12
D07-3,1178.27,863.43,88.58,47.24,39.37,55.12
D03-3,1178.27,675.25,88.58,47.24,39.37,55.12
D05-3,1178.27,768.44,88.58,47.24,39.37,55.12
D04-4,1178.27,718.77,150.33,47.24,39.37,55.12
D08-3,1178.27,906.95,88.58,47.24,39.37,55.12
D14-4,1178.27,1191.88,150.33,47.24,39.37,55.12
D02-4,1178.27,623.78,150.33,47.24,39.37,55.12
D02-3,1178.27,623.78,88.58,47.24,39.37,55.12
D10-4,1178.27,1003.69,150.33,47.24,39.37,55.12
E05-3,1127.09,768.67,88.58,47.24,39.37,55.12
E04-4,1127.09,719.0,150.33,47.24,39.37,55.12
E02-3,1127.09,624.01,88.58,47.24,39.37,55.12
E08-3,1127.09,907.19,88.58,47.24,39.37,55.12
E10-4,1127.09,1003.93,150.33,47.24,39.37,55.12
D09-5,1178.27,960.17,211.22,47.24,39.37,55.12
D11-5,1178.27,1053.36,211.22,47.24,39.37,55.12
D11-3,1178.27,1053.36,88.58,47.24,39.37,55.12
D10-3,1178.27,1004.15,88.58,47.24,39.37,55.12
D12-3,1178.27,1096.88,88.58,47.24,39.37,55.12
D10-5,1178.27,1003.69,211.22,47.24,39.37,55.12
D12-5,1178.27,1096.88,211.22,47.24,39.37,55.12
D13-5,1178.27,1148.35,211.22,47.24,39.37,55.12
D12-4,1178.27,1096.88,150.33,47.24,39.37,55.12
D09-4,1178.27,960.17,150.33,47.24,39.37,55.12
D09-3,1178.27,960.17,88.58,47.24,39.37,55.12
D14-3,1178.27,1191.88,88.58,47.24,39.37,55.12
D14-5,1178.27,1191.88,211.22,47.24,39.37,55.12
D13-4,1178.27,1148.35,150.33,47.24,39.37,55.12
D11-4,1178.27,1053.36,150.33,47.24,39.37,55.12
E13-3,1127.09,1148.58,88.58,47.24,39.37,55.12
E01-5,1127.09,580.48,211.22,47.24,39.37,55.12
E03-3,1127.09,675.48,88.58,47.24,39.37,55.12
E11-5,1127.09,1053.59,211.22,47.24,39.37,55.12
E10-3,1127.09,1004.38,88.58,47.24,39.37,55.12
E14-3,1127.09,1192.11,88.58,47.24,39.37,55.12
E12-5,1127.09,1097.12,211.22,47.24,39.37,55.12
E13-5,1127.09,1148.58,211.22,47.24,39.37,55.12
E12-3,1127.09,1097.12,88.58,47.24,39.37,55.12
E14-5,1127.09,1192.11,211.22,47.24,39.37,55.12
E09-5,1127.09,960.4,211.22,47.24,39.37,55.12
E11-4,1127.09,1053.59,150.33,47.24,39.37,55.12
E08-4,1127.09,907.19,150.33,47.24,39.37,55.12
E06-5,1127.09,812.19,211.22,47.24,39.37,55.12
E10-5,1127.09,1003.93,211.22,47.24,39.37,55.12
E13-4,1127.09,1148.58,150.33,47.24,39.37,55.12
D13-3,1178.27,1148.35,88.58,47.24,39.37,55.12
E01-3,1127.09,580.48,88.58,47.24,39.37,55.12
E11-3,1127.09,1053.59,88.58,47.24,39.37,55.12
E09-4,1127.09,960.4,150.33,47.24,39.37,55.12
E07-4,1127.09,863.66,150.33,47.24,39.37,55.12
E03-4,1127.09,675.48,150.33,47.24,39.37,55.12
E14-4,1127.09,1192.11,150.33,47.24,39.37,55.12
E01-4,1127.09,580.48,150.33,47.24,39.37,55.12
E04-3,1127.09,719.45,88.58,47.24,39.37,55.12
E02-4,1127.09,624.01,150.33,47.24,39.37,55.12
E07-3,1127.09,863.66,88.58,47.24,39.37,55.12
E05-5,1127.09,768.67,211.22,47.24,39.37,55.12
E08-5,1127.09,907.19,211.22,47.24,39.37,55.12
E05-4,1127.09,768.67,150.33,47.24,39.37,55.12
E04-5,1127.09,719.0,211.22,47.24,39.37,55.12
E02-5,1127.09,624.01,211.22,47.24,39.37,55.12
E07-5,1127.09,863.66,211.22,47.24,39.37,55.12
E06-3,1127.09,812.19,88.58,47.24,39.37,55.12
E06-4,1127.09,812.19,150.33,47.24,39.37,55.12
E03-5,1127.09,675.48,211.22,47.24,39.37,55.12
E12-4,1127.09,1097.12,150.33,47.24,39.37,55.12
Y02-2,215.28,622.27,89.3,47.24,39.37,55.12
Y02-1,215.28,622.27,27.56,47.24,39.37,55.12
Y01-1,215.28,578.74,27.56,47.24,39.37,55.12
Y01-2,215.28,578.74,89.3,47.24,39.37,55.12
Y02-3,215.28,622.27,150.19,47.24,39.37,55.12
Y05-1,215.28,766.92,27.56,47.24,39.37,55.12
Y06-1,215.28,810.45,27.56,47.24,39.37,55.12
Y01-3,215.28,578.74,150.19,47.24,39.37,55.12
Y06-3,215.28,810.45,150.19,47.24,39.37,55.12
Y03-1,215.28,671.93,27.56,47.24,39.37,55.12
Y06-2,215.28,810.45,89.3,47.24,39.37,55.12
Y04-1,215.28,715.45,27.56,47.24,39.37,55.12
Y04-2,215.28,715.45,89.3,47.24,39.37,55.12
Y04-3,215.28,715.45,150.19,47.24,39.37,55.12
Y14-2,215.28,1187.76,89.3,47.24,39.37,55.12
Y13-1,215.28,1144.23,27.56,47.24,39.37,55.12
Y09-2,215.28,956.05,89.3,47.24,39.37,55.12
Y15-3,215.28,1240.97,150.19,47.24,39.37,55.12
Y05-3,215.28,766.92,150.19,47.24,39.37,55.12
Y17-3,215.28,1334.16,150.19,47.24,39.37,55.12
Y10-2,215.28,999.57,89.3,47.24,39.37,55.12
Y03-3,215.28,671.93,150.19,47.24,39.37,55.12
Y09-1,215.28,956.05,27.56,47.24,39.37,55.12
Y08-3,215.28,904.58,150.19,47.24,39.37,55.12
Y18-1,215.28,1377.69,27.56,47.24,39.37,55.12
Y08-2,215.28,904.58,89.3,47.24,39.37,55.12
Y12-3,215.28,1092.76,150.19,47.24,39.37,55.12
Y18-3,215.28,1377.69,150.19,47.24,39.37,55.12
Y17-2,215.28,1334.16,89.3,47.24,39.37,55.12
Y16-1,215.28,1284.95,27.56,47.24,39.37,55.12
Y20-1,215.28,1472.68,27.56,47.24,39.37,55.12
Y12-1,215.28,1092.76,27.56,47.24,39.37,55.12
Y08-1,215.28,904.58,27.56,47.24,39.37,55.12
Y07-3,215.28,861.05,150.19,47.24,39.37,55.12
Y20-3,215.28,1472.68,150.19,47.24,39.37,55.12
Y19-2,215.28,1429.15,89.3,47.24,39.37,55.12
Y11-2,215.28,1049.24,89.3,47.24,39.37,55.12
Y11-1,215.28,1049.24,27.56,47.24,39.37,55.12
Y13-3,215.28,1144.23,150.19,47.24,39.37,55.12
Y18-2,215.28,1377.69,89.3,47.24,39.37,55.12
Y10-1,215.28,1000.02,27.56,47.24,39.37,55.12
Y19-3,215.28,1429.15,150.19,47.24,39.37,55.12
Y11-3,215.28,1049.24,150.19,47.24,39.37,55.12
Y07-1,215.28,861.05,27.56,47.24,39.37,55.12
Y09-3,215.28,956.05,150.19,47.24,39.37,55.12
Y19-1,215.28,1429.15,27.56,47.24,39.37,55.12
Y15-1,215.28,1240.97,27.56,47.24,39.37,55.12
Y15-2,215.28,1240.97,89.3,47.24,39.37,55.12
Y07-2,215.28,861.05,89.3,47.24,39.37,55.12
Y05-2,215.28,766.92,89.3,47.24,39.37,55.12
Y10-3,215.28,999.57,150.19,47.24,39.37,55.12
Y17-1,215.28,1334.16,27.56,47.24,39.37,55.12
Y12-2,215.28,1092.76,89.3,47.24,39.37,55.12
Y20-2,215.28,1472.68,89.3,47.24,39.37,55.12
Y03-2,215.28,671.93,89.3,47.24,39.37,55.12
Y16-3,215.28,1284.5,150.19,47.24,39.37,55.12
Y14-1,215.28,1187.76,27.56,47.24,39.37,55.12
Y14-3,215.28,1187.76,150.19,47.24,39.37,55.12
Y16-2,215.28,1284.5,89.3,47.24,39.37,55.12
Y13-2,215.28,1144.23,89.3,47.24,39.37,55.12
Z02-2,45.08,622.27,89.3,47.24,39.37,55.12
Z02-1,45.08,622.27,27.56,47.24,39.37,55.12
Z01-1,45.08,578.74,27.56,47.24,39.37,55.12
Z01-2,45.08,578.74,89.3,47.24,39.37,55.12
Z02-3,45.08,622.27,150.19,47.24,39.37,55.12
Z05-1,45.08,766.92,27.56,47.24,39.37,55.12
Z06-1,45.08,810.45,27.56,47.24,39.37,55.12
Z01-3,45.08,578.74,150.19,47.24,39.37,55.12
Z06-3,45.08,810.45,150.19,47.24,39.37,55.12
Z03-1,45.08,671.93,27.56,47.24,39.37,55.12
Z06-2,45.08,810.45,89.3,47.24,39.37,55.12
Z04-1,45.08,715.45,27.56,47.24,39.37,55.12
Z04-2,45.08,715.45,89.3,47.24,39.37,55.12
Z04-3,45.08,715.45,150.19,47.24,39.37,55.12
Z14-2,45.08,1187.76,89.3,47.24,39.37,55.12
Z13-1,45.08,1144.23,27.56,47.24,39.37,55.12
Z09-2,45.08,956.05,89.3,47.24,39.37,55.12
Z15-3,45.08,1240.97,150.19,47.24,39.37,55.12
Z05-3,45.08,766.92,150.19,47.24,39.37,55.12
Z17-3,45.08,1334.16,150.19,47.24,39.37,55.12
Z10-2,45.08,999.57,89.3,47.24,39.37,55.12
Z03-3,45.08,671.93,150.19,47.24,39.37,55.12
Z09-1,45.08,956.05,27.56,47.24,39.37,55.12
Z08-3,45.08,904.58,150.19,47.24,39.37,55.12
Z18-1,45.08,1377.69,27.56,47.24,39.37,55.12
Z08-2,45.08,904.58,89.3,47.24,39.37,55.12
Z12-3,45.08,1092.76,150.19,47.24,39.37,55.12
Z18-3,45.08,1377.69,150.19,47.24,39.37,55.12
Z17-2,45.08,1334.16,89.3,47.24,39.37,55.12
Z16-1,45.08,1284.95,27.56,47.24,39.37,55.12
Z20-1,45.08,1472.68,27.56,47.24,39.37,55.12
Z12-1,45.08,1092.76,27.56,47.24,39.37,55.12
Z08-1,45.08,904.58,27.56,47.24,39.37,55.12
Z07-3,45.08,861.05,150.19,47.24,39.37,55.12
Z20-3,45.08,1472.68,150.19,47.24,39.37,55.12
Z19-2,45.08,1429.15,89.3,47.24,39.37,55.12
Z11-2,45.08,1049.24,89.3,47.24,39.37,55.12
Z11-1,45.08,1049.24,27.56,47.24,39.37,55.12
Z13-3,45.08,1144.23,150.19,47.24,39.37,55.12
Z18-2,45.08,1377.69,89.3,47.24,39.37,55.12
Z10-1,45.08,1000.02,27.56,47.24,39.37,55.12
Z19-3,45.08,1429.15,150.19,47.24,39.37,55.12
Z11-3,45.08,1049.24,150.19,47.24,39.37,55.12
Z07-1,45.08,861.05,27.56,47.24,39.37,55.12
Z09-3,45.08,956.05,150.19,47.24,39.37,55.12
Z19-1,45.08,1429.15,27.56,47.24,39.37,55.12
Z15-1,45.08,1240.97,27.56,47.24,39.37,55.12
Z15-2,45.08,1240.97,89.3,47.24,39.37,55.12
Z07-2,45.08,861.05,89.3,47.24,39.37,55.12
Z05-2,45.08,766.92,89.3,47.24,39.37,55.12
Z10-3,45.08,999.57,150.19,47.24,39.37,55.12
Z17-1,45.08,1334.16,27.56,47.24,39.37,55.12
Z12-2,45.08,1092.76,89.3,47.24,39.37,55.12
Z20-2,45.08,1472.68,89.3,47.24,39.37,55.12
Z03-2,45.08,671.93,89.3,47.24,39.37,55.12
Z16-3,45.08,1284.5,150.19,47.24,39.37,55.12
Z14-1,45.08,1187.76,27.56,47.24,39.37,55.12
Z14-3,45.08,1187.76,150.19,47.24,39.37,55.12
Z16-2,45.08,1284.5,89.3,47.24,39.37,55.12
Z13-2,45.08,1144.23,89.3,47.24,39.37,55.12
F01-1,1032.96,616.68,19.88,21.65,86.61,21.65
F01-2,1032.96,616.68,45.61,21.65,86.61,21.65
F01-4,1032.96,616.68,96.73,21.65,86.61,21.65
G01-3,1010.13,616.68,71.0,21.65,86.61,21.65
G02-2,1010.13,707.93,45.61,21.65,86.61,21.65
G01-2,1010.13,616.68,45.61,21.65,86.61,21.65
F01-3,1032.96,616.68,71.0,21.65,86.61,21.65
G01-4,1010.13,616.68,96.73,21.65,86.61,21.65
F02-4,1032.96,707.93,96.73,21.65,86.61,21.65
G02-4,1010.13,707.93,96.73,21.65,86.61,21.65
G02-3,1010.13,707.93,71.0,21.65,86.61,21.65
F02-3,1032.96,707.93,71.0,21.65,86.61,21.65
F03-2,1032.96,802.38,45.61,21.65,86.61,21.65
F02-1,1032.96,707.93,19.88,21.65,86.61,21.65
G03-2,1010.13,802.38,45.61,21.65,86.61,21.65
F03-4,1032.96,802.38,96.73,21.65,86.61,21.65
F04-2,1032.96,893.63,45.61,21.65,86.61,21.65
F03-1,1032.96,802.38,19.88,21.65,86.61,21.65
G04-2,1010.13,893.63,45.61,21.65,86.61,21.65
G01-1,1010.13,616.68,19.88,21.65,86.61,21.65
F02-2,1032.96,707.93,45.61,21.65,86.61,21.65
G07-3,1010.13,1171.09,71.0,21.65,86.61,21.65
G03-5,1010.13,802.38,122.0,21.65,86.61,21.65
F07-2,1032.96,1171.09,45.61,21.65,86.61,21.65
G06-2,1010.13,1077.17,45.61,21.65,86.61,21.65
F04-1,1032.96,893.63,19.88,21.65,86.61,21.65
F04-5,1032.96,893.63,122.0,21.65,86.61,21.65
F01-5,1032.96,616.68,122.0,21.65,86.61,21.65
G04-3,1010.13,893.63,71.0,21.65,86.61,21.65
G06-3,1010.13,1077.17,71.0,21.65,86.61,21.65
G01-5,1010.13,616.68,122.0,21.65,86.61,21.65
G02-5,1010.13,707.93,122.0,21.65,86.61,21.65
G04-5,1010.13,893.63,122.0,21.65,86.61,21.65
G03-3,1010.13,802.38,71.0,21.65,86.61,21.65
F05-2,1032.96,985.93,45.61,21.65,86.61,21.65
G05-1,1010.13,985.93,19.88,21.65,86.61,21.65
F06-4,1032.96,1077.17,96.73,21.65,86.61,21.65
F03-3,1032.96,802.38,71.0,21.65,86.61,21.65
F06-1,1032.96,1077.17,19.88,21.65,86.61,21.65
F05-4,1032.96,985.93,96.73,21.65,86.61,21.65
F07-5,1032.96,1171.09,122.0,21.65,86.61,21.65
G04-1,1010.13,893.63,19.88,21.65,86.61,21.65
G05-2,1010.13,985.93,45.61,21.65,86.61,21.65
G04-4,1010.13,893.63,96.73,21.65,86.61,21.65
F04-3,1032.96,893.63,71.0,21.65,86.61,21.65
F04-4,1032.96,893.63,96.73,21.65,86.61,21.65
G07-5,1010.13,1171.09,122.0,21.65,86.61,21.65
F06-5,1032.96,1077.17,122.0,21.65,86.61,21.65
F06-2,1032.96,1077.17,45.61,21.65,86.61,21.65
F05-5,1032.96,985.93,122.0,21.65,86.61,21.65
F02-5,1032.96,707.93,122.0,21.65,86.61,21.65
G07-2,1010.13,1171.09,45.61,21.65,86.61,21.65
F06-3,1032.96,1077.17,71.0,21.65,86.61,21.65
G03-4,1010.13,802.38,96.73,21.65,86.61,21.65
G06-5,1010.13,1077.17,122.0,21.65,86.61,21.65
F05-3,1032.96,985.93,71.0,21.65,86.61,21.65
G07-4,1010.13,1171.09,96.73,21.65,86.61,21.65
F07-1,1032.96,1171.09,19.88,21.65,86.61,21.65
G07-1,1010.13,1171.09,19.88,21.65,86.61,21.65
F07-4,1032.96,1171.09,96.73,21.65,86.61,21.65
G05-4,1010.13,985.93,96.73,21.65,86.61,21.65
F07-3,1032.96,1171.09,71.0,21.65,86.61,21.65
G06-4,1010.13,1077.17,96.73,21.65,86.61,21.65
F03-5,1032.96,802.38,122.0,21.65,86.61,21.65
G05-3,1010.13,985.93,71.0,21.65,86.61,21.65
G05-5,1010.13,985.93,122.0,21.65,86.61,21.65
F05-1,1032.96,985.93,19.88,21.65,86.61,21.65
G06-1,1010.13,1077.17,19.88,21.65,86.61,21.65
G03-1,1010.13,802.38,19.87,21.65,86.61,21.65
G02-1,1010.13,707.93,19.87,21.65,86.61,21.65
C01-1,1323.94,582.48,13.78,47.24,39.37,27.56
C02-1,1323.94,625.79,13.78,47.24,39.37,27.56
C03-1,1323.94,676.97,13.78,47.24,39.37,27.56
C04-1,1323.94,720.28,13.78,47.24,39.37,27.56
C05-1,1323.94,771.46,13.78,47.24,39.37,27.56
C06-1,1323.94,814.76,13.78,47.24,39.37,27.56
C08-1,1323.94,909.25,13.78,47.24,39.37,27.56
C07-1,1323.94,865.94,13.78,47.24,39.37,27.56
C09-1,1323.94,960.43,13.78,47.24,39.37,27.56
C10-1,1323.94,1003.74,13.78,47.24,39.37,27.56
C13-1,1323.94,1149.41,13.78,47.24,39.37,27.56
C12-1,1323.94,1098.23,13.78,47.24,39.37,27.56
C11-1,1323.94,1054.92,13.78,47.24,39.37,27.56
C14-1,1323.94,1192.72,13.78,47.24,39.37,27.56
D01-1,1178.27,582.48,13.78,47.24,39.37,27.56
D02-1,1178.27,625.79,13.78,47.24,39.37,27.56
D05-1,1178.27,771.46,13.78,47.24,39.37,27.56
D07-1,1178.27,865.94,13.78,47.24,39.37,27.56
D08-1,1178.27,909.25,13.78,47.24,39.37,27.56
D04-1,1178.27,720.28,13.78,47.24,39.37,27.56
D03-1,1178.27,676.97,13.78,47.24,39.37,27.56
D09-1,1178.27,960.43,13.78,47.24,39.37,27.56
D13-1,1178.27,1149.41,13.78,47.24,39.37,27.56
D10-1,1178.27,1003.74,13.78,47.24,39.37,27.56
D06-1,1178.27,814.76,13.78,47.24,39.37,27.56
D12-1,1178.27,1098.23,13.78,47.24,39.37,27.56
D11-1,1178.27,1054.92,13.78,47.24,39.37,27.56
D14-1,1178.27,1192.72,13.78,47.24,39.37,27.56
E01-1,1127.09,582.48,13.78,47.24,39.37,27.56
E02-1,1127.09,625.79,13.78,47.24,39.37,27.56
E05-1,1127.09,771.46,13.78,47.24,39.37,27.56
E07-1,1127.09,865.94,13.78,47.24,39.37,27.56
E08-1,1127.09,909.25,13.78,47.24,39.37,27.56
E04-1,1127.09,720.28,13.78,47.24,39.37,27.56
E03-1,1127.09,676.97,13.78,47.24,39.37,27.56
E09-1,1127.09,960.43,13.78,47.24,39.37,27.56
E13-1,1127.09,1149.41,13.78,47.24,39.37,27.56
E10-1,1127.09,1003.74,13.78,47.24,39.37,27.56
E06-1,1127.09,814.76,13.78,47.24,39.37,27.56
E12-1,1127.09,1098.23,13.78,47.24,39.37,27.56
E11-1,1127.09,1054.92,13.78,47.24,39.37,27.56
E14-1,1127.09,1192.72,13.78,47.24,39.37,27.56
C01-2,1323.54,582.48,45.7,35.43,39.37,21.65
C02-2,1323.54,625.79,45.7,35.43,39.37,21.65
C04-2,1323.54,720.18,45.7,35.43,39.37,21.65
C03-2,1323.54,676.87,45.7,35.43,39.37,21.65
C06-2,1323.54,814.89,45.7,35.43,39.37,21.65
C05-2,1323.54,771.59,45.7,35.43,39.37,21.65
C08-2,1323.54,909.28,45.7,35.43,39.37,21.65
C07-2,1323.54,865.98,45.7,35.43,39.37,21.65
C12-2,1323.54,1098.47,45.7,35.43,39.37,21.65
C14-2,1323.54,1192.86,45.7,35.43,39.37,21.65
C13-2,1323.54,1149.56,45.7,35.43,39.37,21.65
C11-2,1323.54,1055.16,45.7,35.43,39.37,21.65
C10-2,1323.54,1003.76,45.7,35.43,39.37,21.65
C09-2,1323.54,960.45,45.7,35.43,39.37,21.65
D12-2,1176.9,1098.47,45.7,35.43,39.37,21.65
D14-2,1176.9,1192.86,45.7,35.43,39.37,21.65
D06-2,1176.9,814.89,45.7,35.43,39.37,21.65
D08-2,1176.9,909.28,45.7,35.43,39.37,21.65
D07-2,1176.9,865.98,45.7,35.43,39.37,21.65
D13-2,1176.9,1149.56,45.7,35.43,39.37,21.65
D02-2,1176.9,625.79,45.7,35.43,39.37,21.65
D01-2,1176.9,582.48,45.7,35.43,39.37,21.65
D05-2,1176.9,771.59,45.7,35.43,39.37,21.65
D04-2,1176.9,720.18,45.7,35.43,39.37,21.65
D03-2,1176.9,676.87,45.7,35.43,39.37,21.65
D10-2,1176.9,1003.76,45.7,35.43,39.37,21.65
D09-2,1176.9,960.45,45.7,35.43,39.37,21.65
D11-2,1176.9,1055.16,45.7,35.43,39.37,21.65
E05-2,1125.23,771.59,45.7,35.43,39.37,21.65
E06-2,1125.23,814.89,45.7,35.43,39.37,21.65
E12-2,1125.23,1098.47,45.7,35.43,39.37,21.65
E14-2,1125.23,1192.86,45.7,35.43,39.37,21.65
E11-2,1125.23,1055.16,45.7,35.43,39.37,21.65
E13-2,1125.23,1149.56,45.7,35.43,39.37,21.65
E04-2,1125.23,720.18,45.7,35.43,39.37,21.65
E10-2,1125.23,1003.76,45.7,35.43,39.37,21.65
E08-2,1125.23,909.28,45.7,35.43,39.37,21.65
E03-2,1125.23,676.87,45.7,35.43,39.37,21.65
E07-2,1125.23,865.98,45.7,35.43,39.37,21.65
E09-2,1125.23,960.45,45.7,35.43,39.37,21.65
E02-2,1125.23,625.79,45.7,35.43,39.37,21.65
E01-2,1125.23,582.48,45.7,35.43,39.37,21.65
Z06-4,45.08,810.45,211.2,47.24,39.37,55.12
Z04-4,45.08,715.45,211.2,47.24,39.37,55.12
Z15-4,45.08,1240.97,211.2,47.24,39.37,55.12
Z05-4,45.08,766.92,211.2,47.24,39.37,55.12
Z17-4,45.08,1334.16,211.2,47.24,39.37,55.12
Z02-4,45.08,622.27,211.2,47.24,39.37,55.12
Z01-4,45.08,578.74,211.2,47.24,39.37,55.12
Z03-4,45.08,671.93,211.2,47.24,39.37,55.12
Z12-4,45.08,1092.76,211.2,47.24,39.37,55.12
Z18-4,45.08,1377.69,211.2,47.24,39.37,55.12
Z08-4,45.08,904.58,211.2,47.24,39.37,55.12
Z16-4,45.08,1284.5,211.2,47.24,39.37,55.12
Z14-4,45.08,1187.76,211.2,47.24,39.37,55.12
Z10-4,45.08,999.57,211.2,47.24,39.37,55.12
Z09-4,45.08,956.05,211.2,47.24,39.37,55.12
Z11-4,45.08,1049.24,211.2,47.24,39.37,55.12
Z19-4,45.08,1429.15,211.2,47.24,39.37,55.12
Z13-4,45.08,1144.23,211.2,47.24,39.37,55.12
Z07-4,45.08,861.05,211.2,47.24,39.37,55.12
Z20-4,45.08,1472.68,211.2,47.24,39.37,55.12
Y06-4,215.28,810.45,211.29,47.24,39.37,55.12
Y04-4,215.28,715.45,211.29,47.24,39.37,55.12
Y15-4,215.28,1240.97,211.29,47.24,39.37,55.12
Y05-4,215.28,766.92,211.29,47.24,39.37,55.12
Y17-4,215.28,1334.16,211.29,47.24,39.37,55.12
Y02-4,215.28,622.27,211.29,47.24,39.37,55.12
Y01-4,215.28,578.74,211.29,47.24,39.37,55.12
Y03-4,215.28,671.93,211.29,47.24,39.37,55.12
Y12-4,215.28,1092.76,211.29,47.24,39.37,55.12
Y18-4,215.28,1377.69,211.29,47.24,39.37,55.12
Y08-4,215.28,904.58,211.29,47.24,39.37,55.12
Y16-4,215.28,1284.5,211.29,47.24,39.37,55.12
Y14-4,215.28,1187.76,211.29,47.24,39.37,55.12
Y10-4,215.28,999.57,211.29,47.24,39.37,55.12
Y09-4,215.28,956.05,211.29,47.24,39.37,55.12
Y11-4,215.28,1049.24,211.29,47.24,39.37,55.12
Y19-4,215.28,1429.15,211.29,47.24,39.37,55.12
Y13-4,215.28,1144.23,211.29,47.24,39.37,55.12
Y07-4,215.28,861.05,211.29,47.24,39.37,55.12
Y20-4,215.28,1472.68,211.29,47.24,39.37,55.12
X01-1,279.16,917.15,17.13,17.72,68.9,21.65
X02-1,279.16,989.31,17.13,17.72,68.9,21.65
X03-1,279.16,1061.51,17.13,17.72,68.9,21.65
X04-1,279.16,1133.83,17.13,17.72,68.9,21.65
X05-1,279.16,1206.05,17.13,17.72,68.9,21.65
X06-1,279.16,1318.18,17.13,17.72,68.9,21.65
X07-1,279.16,1390.5,17.13,17.72,68.9,21.65
X08-1,279.16,1462.72,17.13,17.72,68.9,21.65
X01-2,279.16,917.15,41.8,17.72,68.9,21.65
X03-2,279.16,1061.51,41.8,17.72,68.9,21.65
X07-2,279.16,1390.5,41.8,17.72,68.9,21.65
X04-2,279.16,1133.83,41.8,17.72,68.9,21.65
X06-2,279.16,1318.18,41.8,17.72,68.9,21.65
X05-2,279.16,1206.05,41.8,17.72,68.9,21.65
X08-2,279.16,1462.72,41.8,17.72,68.9,21.65
X02-2,279.16,989.31,41.8,17.72,68.9,21.65
X01-3,279.27,917.35,66.73,17.72,68.9,21.65
X03-3,279.27,1061.71,66.73,17.72,68.9,21.65
X07-3,279.27,1390.69,66.73,17.72,68.9,21.65
X04-3,279.27,1134.02,66.73,17.72,68.9,21.65
X06-3,279.27,1318.37,66.73,17.72,68.9,21.65
X07-4,279.27,1390.69,91.41,17.72,68.9,21.65
X04-4,279.27,1134.02,91.41,17.72,68.9,21.65
X02-4,279.27,989.51,91.41,17.72,68.9,21.65
X08-4,279.27,1462.91,91.41,17.72,68.9,21.65
X01-4,279.27,917.35,91.41,17.72,68.9,21.65
X03-4,279.27,1061.71,91.41,17.72,68.9,21.65
X06-4,279.27,1318.37,91.41,17.72,68.9,21.65
X05-3,279.27,1206.25,66.73,17.72,68.9,21.65
X05-4,279.27,1206.25,91.41,17.72,68.9,21.65
X08-3,279.27,1462.91,66.73,17.72,68.9,21.65
X02-3,279.27,989.51,66.73,17.72,68.9,21.65
W01-1,300.7,917.15,17.13,17.72,68.9,21.65
W03-1,300.7,1061.51,17.13,17.72,68.9,21.65
W07-1,300.7,1390.5,17.13,17.72,68.9,21.65
W03-3,300.82,1061.71,66.73,17.72,68.9,21.65
W04-1,300.7,1133.83,17.13,17.72,68.9,21.65
W06-1,300.7,1318.18,17.13,17.72,68.9,21.65
W07-2,300.7,1390.5,41.8,17.72,68.9,21.65
W04-2,300.7,1133.83,41.8,17.72,68.9,21.65
W02-2,300.7,989.31,41.8,17.72,68.9,21.65
W01-3,300.82,917.35,66.73,17.72,68.9,21.65
W08-2,300.7,1462.72,41.8,17.72,68.9,21.65
W06-3,300.82,1318.37,66.73,17.72,68.9,21.65
W04-4,300.82,1134.02,91.41,17.72,68.9,21.65
W02-4,300.82,989.51,91.41,17.72,68.9,21.65
W01-2,300.7,917.15,41.8,17.72,68.9,21.65
W07-4,300.82,1390.69,91.41,17.72,68.9,21.65
W03-2,300.7,1061.51,41.8,17.72,68.9,21.65
W06-2,300.7,1318.18,41.8,17.72,68.9,21.65
W07-3,300.82,1390.69,66.73,17.72,68.9,21.65
W08-4,300.82,1462.91,91.41,17.72,68.9,21.65
W05-1,300.7,1206.05,17.13,17.72,68.9,21.65
W05-2,300.7,1206.05,41.8,17.72,68.9,21.65
W08-1,300.7,1462.72,17.13,17.72,68.9,21.65
W04-3,300.82,1134.02,66.73,17.72,68.9,21.65
W02-1,300.7,989.31,17.13,17.72,68.9,21.65
W02-3,300.82,989.51,66.73,17.72,68.9,21.65
W06-4,300.82,1318.37,91.41,17.72,68.9,21.65
W08-3,300.82,1462.91,66.73,17.72,68.9,21.65
W05-3,300.82,1206.25,66.73,17.72,68.9,21.65
W01-4,300.82,917.35,91.41,17.72,68.9,21.65
W03-4,300.82,1061.71,91.41,17.72,68.9,21.65
W05-4,300.82,1206.25,91.41,17.72,68.9,21.65
U03-3,383.2,1061.71,66.73,17.72,68.9,21.65
U01-1,383.08,917.15,17.13,17.72,68.9,21.65
U06-1,383.08,1318.18,17.13,17.72,68.9,21.65
U04-1,383.08,1133.83,17.13,17.72,68.9,21.65
U07-2,383.08,1390.5,41.8,17.72,68.9,21.65
U02-2,383.08,989.31,41.8,17.72,68.9,21.65
U07-1,383.08,1390.5,17.13,17.72,68.9,21.65
U04-2,383.08,1133.83,41.8,17.72,68.9,21.65
U01-3,383.2,917.35,66.73,17.72,68.9,21.65
U03-1,383.08,1061.51,17.13,17.72,68.9,21.65
U08-2,383.08,1462.72,41.8,17.72,68.9,21.65
U05-4,383.2,1206.25,91.41,17.72,68.9,21.65
U05-3,383.2,1206.25,66.73,17.72,68.9,21.65
U01-4,383.2,917.35,91.41,17.72,68.9,21.65
U06-4,383.2,1318.37,91.41,17.72,68.9,21.65
U08-3,383.2,1462.91,66.73,17.72,68.9,21.65
U02-3,383.2,989.51,66.73,17.72,68.9,21.65
U03-4,383.2,1061.71,91.41,17.72,68.9,21.65
V01-1,361.54,917.15,17.13,17.72,68.9,21.65
V03-1,361.54,1061.51,17.13,17.72,68.9,21.65
V07-1,361.54,1390.5,17.13,17.72,68.9,21.65
V03-3,361.66,1061.71,66.73,17.72,68.9,21.65
V04-1,361.54,1133.83,17.13,17.72,68.9,21.65
V06-1,361.54,1318.18,17.13,17.72,68.9,21.65
V07-2,361.54,1390.5,41.8,17.72,68.9,21.65
V04-2,361.54,1133.83,41.8,17.72,68.9,21.65
V02-2,361.54,989.31,41.8,17.72,68.9,21.65
V01-3,361.66,917.35,66.73,17.72,68.9,21.65
V08-2,361.54,1462.72,41.8,17.72,68.9,21.65
V06-3,361.66,1318.37,66.73,17.72,68.9,21.65
V04-4,361.66,1134.02,91.41,17.72,68.9,21.65
V02-4,361.66,989.51,91.41,17.72,68.9,21.65
V01-2,361.54,917.15,41.8,17.72,68.9,21.65
V07-4,361.66,1390.69,91.41,17.72,68.9,21.65
V03-2,361.54,1061.51,41.8,17.72,68.9,21.65
V06-2,361.54,1318.18,41.8,17.72,68.9,21.65
V07-3,361.66,1390.69,66.73,17.72,68.9,21.65
V08-4,361.66,1462.91,91.41,17.72,68.9,21.65
V05-1,361.54,1206.05,17.13,17.72,68.9,21.65
V05-2,361.54,1206.05,41.8,17.72,68.9,21.65
V08-1,361.54,1462.72,17.13,17.72,68.9,21.65
V04-3,361.66,1134.02,66.73,17.72,68.9,21.65
V02-1,361.54,989.31,17.13,17.72,68.9,21.65
V02-3,361.66,989.51,66.73,17.72,68.9,21.65
V06-4,361.66,1318.37,91.41,17.72,68.9,21.65
V08-3,361.66,1462.91,66.73,17.72,68.9,21.65
V05-3,361.66,1206.25,66.73,17.72,68.9,21.65
V01-4,361.66,917.35,91.41,17.72,68.9,21.65
V03-4,361.66,1061.71,91.41,17.72,68.9,21.65
V05-4,361.66,1206.25,91.41,17.72,68.9,21.65
U02-1,383.08,989.31,17.13,17.72,68.9,21.65
U03-2,383.08,1061.51,41.8,17.72,68.9,21.65
U06-2,383.08,1318.18,41.8,17.72,68.9,21.65
U01-2,383.08,917.15,41.8,17.72,68.9,21.65
U04-4,383.2,1134.02,91.41,17.72,68.9,21.65
U06-3,383.2,1318.37,66.73,17.72,68.9,21.65
U02-4,383.2,989.51,91.41,17.72,68.9,21.65
U07-4,383.2,1390.69,91.41,17.72,68.9,21.65
U08-4,383.2,1462.91,91.41,17.72,68.9,21.65
U05-1,383.08,1206.05,17.13,17.72,68.9,21.65
U05-2,383.08,1206.05,41.8,17.72,68.9,21.65
U08-1,383.08,1462.72,17.13,17.72,68.9,21.65
U07-3,383.2,1390.69,66.73,17.72,68.9,21.65
U04-3,383.2,1134.02,66.73,17.72,68.9,21.65
S03-3,464.85,1061.71,66.73,17.72,68.9,21.65
S01-1,464.73,917.15,17.13,17.72,68.9,21.65
S06-1,464.73,1318.18,17.13,17.72,68.9,21.65
S04-1,464.73,1133.83,17.13,17.72,68.9,21.65
S07-2,464.73,1390.5,41.8,17.72,68.9,21.65
S02-2,464.73,989.31,41.8,17.72,68.9,21.65
S07-1,464.73,1390.5,17.13,17.72,68.9,21.65
S04-2,464.73,1133.83,41.8,17.72,68.9,21.65
S01-3,464.85,917.35,66.73,17.72,68.9,21.65
S03-1,464.73,1061.51,17.13,17.72,68.9,21.65
S08-2,464.73,1462.72,41.8,17.72,68.9,21.65
S05-4,464.85,1206.25,91.41,17.72,68.9,21.65
S05-3,464.85,1206.25,66.73,17.72,68.9,21.65
S01-4,464.85,917.35,91.41,17.72,68.9,21.65
S06-4,464.85,1318.37,91.41,17.72,68.9,21.65
S08-3,464.85,1462.91,66.73,17.72,68.9,21.65
S02-3,464.85,989.51,66.73,17.72,68.9,21.65
S03-4,464.85,1061.71,91.41,17.72,68.9,21.65
T01-1,443.19,917.15,17.13,17.72,68.9,21.65
T03-1,443.19,1061.51,17.13,17.72,68.9,21.65
T07-1,443.19,1390.5,17.13,17.72,68.9,21.65
T03-3,443.31,1061.71,66.73,17.72,68.9,21.65
T04-1,443.19,1133.83,17.13,17.72,68.9,21.65
T06-1,443.19,1318.18,17.13,17.72,68.9,21.65
T07-2,443.19,1390.5,41.8,17.72,68.9,21.65
T04-2,443.19,1133.83,41.8,17.72,68.9,21.65
T02-2,443.19,989.31,41.8,17.72,68.9,21.65
T01-3,443.31,917.35,66.73,17.72,68.9,21.65
T08-2,443.19,1462.72,41.8,17.72,68.9,21.65
T06-3,443.31,1318.37,66.73,17.72,68.9,21.65
T04-4,443.31,1134.02,91.41,17.72,68.9,21.65
T02-4,443.31,989.51,91.41,17.72,68.9,21.65
T01-2,443.19,917.15,41.8,17.72,68.9,21.65
T07-4,443.31,1390.69,91.41,17.72,68.9,21.65
T03-2,443.19,1061.51,41.8,17.72,68.9,21.65
T06-2,443.19,1318.18,41.8,17.72,68.9,21.65
T07-3,443.31,1390.69,66.73,17.72,68.9,21.65
T08-4,443.31,1462.91,91.41,17.72,68.9,21.65
T05-1,443.19,1206.05,17.13,17.72,68.9,21.65
T05-2,443.19,1206.05,41.8,17.72,68.9,21.65
T08-1,443.19,1462.72,17.13,17.72,68.9,21.65
T04-3,443.31,1134.02,66.73,17.72,68.9,21.65
T02-1,443.19,989.31,17.13,17.72,68.9,21.65
T02-3,443.31,989.51,66.73,17.72,68.9,21.65
T06-4,443.31,1318.37,91.41,17.72,68.9,21.65
T08-3,443.31,1462.91,66.73,17.72,68.9,21.65
T05-3,443.31,1206.25,66.73,17.72,68.9,21.65
T01-4,443.31,917.35,91.41,17.72,68.9,21.65
T03-4,443.31,1061.71,91.41,17.72,68.9,21.65
T05-4,443.31,1206.25,91.41,17.72,68.9,21.65
S02-1,464.73,989.31,17.13,17.72,68.9,21.65
S03-2,464.73,1061.51,41.8,17.72,68.9,21.65
S06-2,464.73,1318.18,41.8,17.72,68.9,21.65
S01-2,464.73,917.15,41.8,17.72,68.9,21.65
S04-4,464.85,1134.02,91.41,17.72,68.9,21.65
S06-3,464.85,1318.37,66.73,17.72,68.9,21.65
S02-4,464.85,989.51,91.41,17.72,68.9,21.65
S07-4,464.85,1390.69,91.41,17.72,68.9,21.65
S08-4,464.85,1462.91,91.41,17.72,68.9,21.65
S05-1,464.73,1206.05,17.13,17.72,68.9,21.65
S05-2,464.73,1206.05,41.8,17.72,68.9,21.65
S08-1,464.73,1462.72,17.13,17.72,68.9,21.65
S07-3,464.85,1390.69,66.73,17.72,68.9,21.65
S04-3,464.85,1134.02,66.73,17.72,68.9,21.65
Q03-3,545.51,1061.71,66.73,17.72,68.9,21.65
Q01-1,545.4,917.15,17.13,17.72,68.9,21.65
Q06-1,545.4,1318.18,17.13,17.72,68.9,21.65
Q04-1,545.4,1133.83,17.13,17.72,68.9,21.65
Q07-2,545.4,1390.5,41.8,17.72,68.9,21.65
Q02-2,545.4,989.31,41.8,17.72,68.9,21.65
Q07-1,545.4,1390.5,17.13,17.72,68.9,21.65
Q04-2,545.4,1133.83,41.8,17.72,68.9,21.65
Q01-3,545.51,917.35,66.73,17.72,68.9,21.65
Q03-1,545.4,1061.51,17.13,17.72,68.9,21.65
Q08-2,545.4,1462.72,41.8,17.72,68.9,21.65
Q05-4,545.51,1206.25,91.41,17.72,68.9,21.65
Q05-3,545.51,1206.25,66.73,17.72,68.9,21.65
Q01-4,545.51,917.35,91.41,17.72,68.9,21.65
Q06-4,545.51,1318.37,91.41,17.72,68.9,21.65
Q08-3,545.51,1462.91,66.73,17.72,68.9,21.65
Q02-3,545.51,989.51,66.73,17.72,68.9,21.65
Q03-4,545.51,1061.71,91.41,17.72,68.9,21.65
R01-1,523.85,917.15,17.13,17.72,68.9,21.65
R03-1,523.85,1061.51,17.13,17.72,68.9,21.65
R07-1,523.85,1390.5,17.13,17.72,68.9,21.65
R03-3,523.97,1061.71,66.73,17.72,68.9,21.65
R04-1,523.85,1133.83,17.13,17.72,68.9,21.65
R06-1,523.85,1318.18,17.13,17.72,68.9,21.65
R07-2,523.85,1390.5,41.8,17.72,68.9,21.65
R04-2,523.85,1133.83,41.8,17.72,68.9,21.65
R02-2,523.85,989.31,41.8,17.72,68.9,21.65
R01-3,523.97,917.35,66.73,17.72,68.9,21.65
R08-2,523.85,1462.72,41.8,17.72,68.9,21.65
R06-3,523.97,1318.37,66.73,17.72,68.9,21.65
R04-4,523.97,1134.02,91.41,17.72,68.9,21.65
R02-4,523.97,989.51,91.41,17.72,68.9,21.65
R01-2,523.85,917.15,41.8,17.72,68.9,21.65
R07-4,523.97,1390.69,91.41,17.72,68.9,21.65
R03-2,523.85,1061.51,41.8,17.72,68.9,21.65
R06-2,523.85,1318.18,41.8,17.72,68.9,21.65
R07-3,523.97,1390.69,66.73,17.72,68.9,21.65
R08-4,523.97,1462.91,91.41,17.72,68.9,21.65
R05-1,523.85,1206.05,17.13,17.72,68.9,21.65
R05-2,523.85,1206.05,41.8,17.72,68.9,21.65
R08-1,523.85,1462.72,17.13,17.72,68.9,21.65
R04-3,523.97,1134.02,66.73,17.72,68.9,21.65
R02-1,523.85,989.31,17.13,17.72,68.9,21.65
R02-3,523.97,989.51,66.73,17.72,68.9,21.65
R06-4,523.97,1318.37,91.41,17.72,68.9,21.65
R08-3,523.97,1462.91,66.73,17.72,68.9,21.65
R05-3,523.97,1206.25,66.73,17.72,68.9,21.65
R01-4,523.97,917.35,91.41,17.72,68.9,21.65
R03-4,523.97,1061.71,91.41,17.72,68.9,21.65
R05-4,523.97,1206.25,91.41,17.72,68.9,21.65
Q02-1,545.4,989.31,17.13,17.72,68.9,21.65
Q03-2,545.4,1061.51,41.8,17.72,68.9,21.65
Q06-2,545.4,1318.18,41.8,17.72,68.9,21.65
Q01-2,545.4,917.15,41.8,17.72,68.9,21.65
Q04-4,545.51,1134.02,91.41,17.72,68.9,21.65
Q06-3,545.51,1318.37,66.73,17.72,68.9,21.65
Q02-4,545.51,989.51,91.41,17.72,68.9,21.65
Q07-4,545.51,1390.69,91.41,17.72,68.9,21.65
Q08-4,545.51,1462.91,91.41,17.72,68.9,21.65
Q05-1,545.4,1206.05,17.13,17.72,68.9,21.65
Q05-2,545.4,1206.05,41.8,17.72,68.9,21.65
Q08-1,545.4,1462.72,17.13,17.72,68.9,21.65
Q07-3,545.51,1390.69,66.73,17.72,68.9,21.65
Q04-3,545.51,1134.02,66.73,17.72,68.9,21.65
O03-3,627.17,1061.71,66.73,17.72,68.9,21.65
O01-1,627.05,917.15,17.13,17.72,68.9,21.65
O06-1,627.05,1318.18,17.13,17.72,68.9,21.65
O04-1,627.05,1133.83,17.13,17.72,68.9,21.65
O07-2,627.05,1390.5,41.8,17.72,68.9,21.65
O02-2,627.05,989.31,41.8,17.72,68.9,21.65
O07-1,627.05,1390.5,17.13,17.72,68.9,21.65
O04-2,627.05,1133.83,41.8,17.72,68.9,21.65
O01-3,627.17,917.35,66.73,17.72,68.9,21.65
O03-1,627.05,1061.51,17.13,17.72,68.9,21.65
O08-2,627.05,1462.72,41.8,17.72,68.9,21.65
O05-4,627.17,1206.25,91.41,17.72,68.9,21.65
O05-3,627.17,1206.25,66.73,17.72,68.9,21.65
O01-4,627.17,917.35,91.41,17.72,68.9,21.65
O06-4,627.17,1318.37,91.41,17.72,68.9,21.65
O08-3,627.17,1462.91,66.73,17.72,68.9,21.65
O02-3,627.17,989.51,66.73,17.72,68.9,21.65
O03-4,627.17,1061.71,91.41,17.72,68.9,21.65
P01-1,605.51,917.15,17.13,17.72,68.9,21.65
P03-1,605.51,1061.51,17.13,17.72,68.9,21.65
P07-1,605.51,1390.5,17.13,17.72,68.9,21.65
P03-3,605.63,1061.71,66.73,17.72,68.9,21.65
P04-1,605.51,1133.83,17.13,17.72,68.9,21.65
P06-1,605.51,1318.18,17.13,17.72,68.9,21.65
P07-2,605.51,1390.5,41.8,17.72,68.9,21.65
P04-2,605.51,1133.83,41.8,17.72,68.9,21.65
P02-2,605.51,989.31,41.8,17.72,68.9,21.65
P01-3,605.63,917.35,66.73,17.72,68.9,21.65
P08-2,605.51,1462.72,41.8,17.72,68.9,21.65
P06-3,605.63,1318.37,66.73,17.72,68.9,21.65
P04-4,605.63,1134.02,91.41,17.72,68.9,21.65
P02-4,605.63,989.51,91.41,17.72,68.9,21.65
P01-2,605.51,917.15,41.8,17.72,68.9,21.65
P07-4,605.63,1390.69,91.41,17.72,68.9,21.65
P03-2,605.51,1061.51,41.8,17.72,68.9,21.65
P06-2,605.51,1318.18,41.8,17.72,68.9,21.65
P07-3,605.63,1390.69,66.73,17.72,68.9,21.65
P08-4,605.63,1462.91,91.41,17.72,68.9,21.65
P05-1,605.51,1206.05,17.13,17.72,68.9,21.65
P05-2,605.51,1206.05,41.8,17.72,68.9,21.65
P08-1,605.51,1462.72,17.13,17.72,68.9,21.65
P04-3,605.63,1134.02,66.73,17.72,68.9,21.65
P02-1,605.51,989.31,17.13,17.72,68.9,21.65
P02-3,605.63,989.51,66.73,17.72,68.9,21.65
P06-4,605.63,1318.37,91.41,17.72,68.9,21.65
P08-3,605.63,1462.91,66.73,17.72,68.9,21.65
P05-3,605.63,1206.25,66.73,17.72,68.9,21.65
P01-4,605.63,917.35,91.41,17.72,68.9,21.65
P03-4,605.63,1061.71,91.41,17.72,68.9,21.65
P05-4,605.63,1206.25,91.41,17.72,68.9,21.65
O02-1,627.05,989.31,17.13,17.72,68.9,21.65
O03-2,627.05,1061.51,41.8,17.72,68.9,21.65
O06-2,627.05,1318.18,41.8,17.72,68.9,21.65
O01-2,627.05,917.15,41.8,17.72,68.9,21.65
O04-4,627.17,1134.02,91.41,17.72,68.9,21.65
O06-3,627.17,1318.37,66.73,17.72,68.9,21.65
O02-4,627.17,989.51,91.41,17.72,68.9,21.65
O07-4,627.17,1390.69,91.41,17.72,68.9,21.65
O08-4,627.17,1462.91,91.41,17.72,68.9,21.65
O05-1,627.05,1206.05,17.13,17.72,68.9,21.65
O05-2,627.05,1206.05,41.8,17.72,68.9,21.65
O08-1,627.05,1462.72,17.13,17.72,68.9,21.65
O07-3,627.17,1390.69,66.73,17.72,68.9,21.65
O04-3,627.17,1134.02,66.73,17.72,68.9,21.65
M03-3,708.54,1061.71,66.73,17.72,68.9,21.65
M01-1,708.42,917.15,17.13,17.72,68.9,21.65
M06-1,708.42,1318.18,17.13,17.72,68.9,21.65
M04-1,708.42,1133.83,17.13,17.72,68.9,21.65
M07-2,708.42,1390.5,41.8,17.72,68.9,21.65
M02-2,708.42,989.31,41.8,17.72,68.9,21.65
M07-1,708.42,1390.5,17.13,17.72,68.9,21.65
M04-2,708.42,1133.83,41.8,17.72,68.9,21.65
M01-3,708.54,917.35,66.73,17.72,68.9,21.65
M03-1,708.42,1061.51,17.13,17.72,68.9,21.65
M08-2,708.42,1462.72,41.8,17.72,68.9,21.65
M05-4,708.54,1206.25,91.41,17.72,68.9,21.65
M05-3,708.54,1206.25,66.73,17.72,68.9,21.65
M01-4,708.54,917.35,91.41,17.72,68.9,21.65
M06-4,708.54,1318.37,91.41,17.72,68.9,21.65
M08-3,708.54,1462.91,66.73,17.72,68.9,21.65
M02-3,708.54,989.51,66.73,17.72,68.9,21.65
M03-4,708.54,1061.71,91.41,17.72,68.9,21.65
N01-1,686.88,917.15,17.13,17.72,68.9,21.65
N03-1,686.88,1061.51,17.13,17.72,68.9,21.65
N07-1,686.88,1390.5,17.13,17.72,68.9,21.65
N03-3,687.0,1061.71,66.73,17.72,68.9,21.65
N04-1,686.88,1133.83,17.13,17.72,68.9,21.65
N06-1,686.88,1318.18,17.13,17.72,68.9,21.65
N07-2,686.88,1390.5,41.8,17.72,68.9,21.65
N04-2,686.88,1133.83,41.8,17.72,68.9,21.65
N02-2,686.88,989.31,41.8,17.72,68.9,21.65
N01-3,687.0,917.35,66.73,17.72,68.9,21.65
N08-2,686.88,1462.72,41.8,17.72,68.9,21.65
N06-3,687.0,1318.37,66.73,17.72,68.9,21.65
N04-4,687.0,1134.02,91.41,17.72,68.9,21.65
N02-4,687.0,989.51,91.41,17.72,68.9,21.65
N01-2,686.88,917.15,41.8,17.72,68.9,21.65
N07-4,687.0,1390.69,91.41,17.72,68.9,21.65
N03-2,686.88,1061.51,41.8,17.72,68.9,21.65
N06-2,686.88,1318.18,41.8,17.72,68.9,21.65
N07-3,687.0,1390.69,66.73,17.72,68.9,21.65
N08-4,687.0,1462.91,91.41,17.72,68.9,21.65
N05-1,686.88,1206.05,17.13,17.72,68.9,21.65
N05-2,686.88,1206.05,41.8,17.72,68.9,21.65
N08-1,686.88,1462.72,17.13,17.72,68.9,21.65
N04-3,687.0,1134.02,66.73,17.72,68.9,21.65
N02-1,686.88,989.31,17.13,17.72,68.9,21.65
N02-3,687.0,989.51,66.73,17.72,68.9,21.65
N06-4,687.0,1318.37,91.41,17.72,68.9,21.65
N08-3,687.0,1462.91,66.73,17.72,68.9,21.65
N05-3,687.0,1206.25,66.73,17.72,68.9,21.65
N01-4,687.0,917.35,91.41,17.72,68.9,21.65
N03-4,687.0,1061.71,91.41,17.72,68.9,21.65
N05-4,687.0,1206.25,91.41,17.72,68.9,21.65
M02-1,708.42,989.31,17.13,17.72,68.9,21.65
M03-2,708.42,1061.51,41.8,17.72,68.9,21.65
M06-2,708.42,1318.18,41.8,17.72,68.9,21.65
M01-2,708.42,917.15,41.8,17.72,68.9,21.65
M04-4,708.54,1134.02,91.41,17.72,68.9,21.65
M06-3,708.54,1318.37,66.73,17.72,68.9,21.65
M02-4,708.54,989.51,91.41,17.72,68.9,21.65
M07-4,708.54,1390.69,91.41,17.72,68.9,21.65
M08-4,708.54,1462.91,91.41,17.72,68.9,21.65
M05-1,708.42,1206.05,17.13,17.72,68.9,21.65
M05-2,708.42,1206.05,41.8,17.72,68.9,21.65
M08-1,708.42,1462.72,17.13,17.72,68.9,21.65
M07-3,708.54,1390.69,66.73,17.72,68.9,21.65
M04-3,708.54,1134.02,66.73,17.72,68.9,21.65
L07-4,768.76,1390.69,91.41,17.72,68.9,21.65
L07-1,768.64,1390.5,17.13,17.72,68.9,21.65
L06-3,768.76,1318.37,66.73,17.72,68.9,21.65
L03-3,768.76,1061.71,66.73,17.72,68.9,21.65
L04-1,768.64,1133.83,17.13,17.72,68.9,21.65
L01-2,768.64,917.15,41.8,17.72,68.9,21.65
L02-2,768.64,989.31,41.8,17.72,68.9,21.65
L03-2,768.64,1061.51,41.8,17.72,68.9,21.65
L06-2,768.64,1318.18,41.8,17.72,68.9,21.65
L02-4,768.76,989.51,91.41,17.72,68.9,21.65
L07-2,768.64,1390.5,41.8,17.72,68.9,21.65
L01-3,768.76,917.35,66.73,17.72,68.9,21.65
L08-2,768.64,1462.72,41.8,17.72,68.9,21.65
L04-4,768.76,1134.02,91.41,17.72,68.9,21.65
L04-2,768.64,1133.83,41.8,17.72,68.9,21.65
L06-1,768.64,1318.18,17.13,17.72,68.9,21.65
L01-4,768.76,917.35,91.41,17.72,68.9,21.65
L05-1,768.64,1206.05,17.13,17.72,68.9,21.65
L05-2,768.64,1206.05,41.8,17.72,68.9,21.65
L08-3,768.76,1462.91,66.73,17.72,68.9,21.65
L05-3,768.76,1206.25,66.73,17.72,68.9,21.65
L08-4,768.76,1462.91,91.41,17.72,68.9,21.65
L06-4,768.76,1318.37,91.41,17.72,68.9,21.65
L03-4,768.76,1061.71,91.41,17.72,68.9,21.65
L05-4,768.76,1206.25,91.41,17.72,68.9,21.65
L08-1,768.64,1462.72,17.13,17.72,68.9,21.65
L04-3,768.76,1134.02,66.73,17.72,68.9,21.65
L07-3,768.76,1390.69,66.73,17.72,68.9,21.65
L02-3,768.76,989.51,66.73,17.72,68.9,21.65
L02-1,768.64,989.31,17.13,17.72,68.9,21.65
L03-1,768.64,1061.51,17.13,17.72,68.9,21.65
L01-1,768.64,917.15,17.13,17.72,68.9,21.65
101-03-1,1511.69,150.39,16.14,14.96,19.69,19.69
101-02-1,1527.05,150.39,16.14,14.96,19.69,19.69
101-01-1,1542.4,150.39,16.14,14.96,19.69,19.69
101-06-1,1463.51,150.39,16.14,14.96,19.69,19.69
101-05-1,1478.86,150.39,16.14,14.96,19.69,19.69
101-04-1,1494.21,150.39,16.14,14.96,19.69,19.69
101-09-1,1415.78,150.39,16.14,14.96,19.69,19.69
101-08-1,1431.14,150.39,16.14,14.96,19.69,19.69
101-07-1,1446.49,150.39,16.14,14.96,19.69,19.69
101-12-1,1368.16,150.39,16.14,14.96,19.69,19.69
101-11-1,1383.51,150.39,16.14,14.96,19.69,19.69
101-10-1,1398.87,150.39,16.14,14.96,19.69,19.69
101-03-2,1511.69,150.39,40.94,14.96,19.69,19.69
101-12-2,1368.16,150.39,40.94,14.96,19.69,19.69
101-10-2,1398.87,150.39,40.94,14.96,19.69,19.69
101-08-2,1431.14,150.39,40.94,14.96,19.69,19.69
101-11-2,1383.51,150.39,40.94,14.96,19.69,19.69
101-09-2,1415.78,150.39,40.94,14.96,19.69,19.69
101-07-2,1446.49,150.39,40.94,14.96,19.69,19.69
101-04-2,1494.21,150.39,40.94,14.96,19.69,19.69
101-06-2,1463.51,150.39,40.94,14.96,19.69,19.69
101-02-2,1527.05,150.39,40.94,14.96,19.69,19.69
101-01-2,1542.4,150.39,40.94,14.96,19.69,19.69
101-05-2,1478.86,150.39,40.94,14.96,19.69,19.69
101-03-3,1511.69,150.39,65.66,14.96,19.69,19.69
101-07-4,1446.49,150.39,90.46,14.96,19.69,19.69
101-12-3,1368.16,150.39,65.66,14.96,19.69,19.69
101-10-3,1398.87,150.39,65.66,14.96,19.69,19.69
101-08-4,1431.14,150.39,90.46,14.96,19.69,19.69
101-08-3,1431.14,150.39,65.66,14.96,19.69,19.69
101-11-4,1383.51,150.39,90.46,14.96,19.69,19.69
101-03-4,1511.69,150.39,90.46,14.96,19.69,19.69
101-04-4,1494.21,150.39,90.46,14.96,19.69,19.69
101-11-3,1383.51,150.39,65.66,14.96,19.69,19.69
101-01-4,1542.4,150.39,90.46,14.96,19.69,19.69
101-05-4,1478.86,150.39,90.46,14.96,19.69,19.69
101-09-3,1415.78,150.39,65.66,14.96,19.69,19.69
101-09-4,1415.78,150.39,90.46,14.96,19.69,19.69
101-02-4,1527.05,150.39,90.46,14.96,19.69,19.69
101-06-4,1463.51,150.39,90.46,14.96,19.69,19.69
101-07-3,1446.49,150.39,65.66,14.96,19.69,19.69
101-12-4,1368.16,150.39,90.46,14.96,19.69,19.69
101-10-4,1398.87,150.39,90.46,14.96,19.69,19.69
101-04-3,1494.21,150.39,65.66,14.96,19.69,19.69
101-06-3,1463.51,150.39,65.66,14.96,19.69,19.69
101-02-3,1527.05,150.39,65.66,14.96,19.69,19.69
101-01-3,1542.4,150.39,65.66,14.96,19.69,19.69
101-05-3,1478.86,150.39,65.66,14.96,19.69,19.69
